problemName, vehicleFileID, cutoffTime, problemTypeString, numUAVs, numTrucks, requireTruckAtDepot, requireDriver, Etype, ITER 
myproblem,999,60, mFSTSP Heuristic,3,-1, True, True,1,1
,,,,,,,,,
Objective Function Value: 2730.000000 ,,,,,,,,,
,,,,,,,,,
Assignments: ,,,,,,,,,
vehicleID,vehicleType,activityType,startTime,startNode,endTime,endNode,Description,Status,
1,Truck,Truck travels with UAV(s) on board,0,0,925,7,Travel from node 0 to node 7,Traveling,
1,Truck,Truck is stationary with UAV(s) on board,925,7,955,7,Dropping off package to Customer 7,Making Delivery,
1,Truck,Truck travels with UAV(s) on board,955,7,1010,1,Travel from node 7 to node 1,Traveling,
1,Truck,Truck is stationary with UAV(s) on board,1010,1,1040,1,Dropping off package to Customer 1,Making Delivery,
1,Truck,Truck travels with UAV(s) on board,1040,1,1088,10,Travel from node 1 to node 10,Traveling,
1,Truck,Truck is stationary with UAV(s) on board,1088,10,1118,10,Dropping off package to Customer 10,Making Delivery,
1,Truck,Truck travels with UAV(s) on board,1118,10,1211,9,Travel from node 10 to node 9,Traveling,
1,Truck,Truck is stationary with UAV(s) on board,1211,9,1241,9,Dropping off package to Customer 9,Making Delivery,
1,Truck,Truck travels with UAV(s) on board,1241,9,1241,5,Travel from node 9 to node 5,Traveling,
1,Truck,Truck is stationary with UAV(s) on board,1241,5,1271,5,Dropping off package to Customer 5,Making Delivery,
1,Truck,Truck travels with UAV(s) on board,1271,5,1360,6,Travel from node 5 to node 6,Traveling,
1,Truck,Truck is stationary with UAV(s) on board,1360,6,1390,6,Dropping off package to Customer 6,Making Delivery,
1,Truck,Truck travels with UAV(s) on board,1390,6,1456,8,Travel from node 6 to node 8,Traveling,
1,Truck,Truck is stationary with UAV(s) on board,1456,8,1486,8,Dropping off package to Customer 8,Making Delivery,
1,Truck,Truck travels with UAV(s) on board,1486,8,1504,2,Travel from node 8 to node 2,Traveling,
1,Truck,Truck is stationary with UAV(s) on board,1504,2,1534,2,Dropping off package to Customer 2,Making Delivery,
3,UAV,UAV is stationary with a parcel,1534,2,1594,2,Prepare to launch from truck,UAV Launch,
1,Truck,Truck is stationary with UAV(s) on board,1534,2,1594,2,Launching UAV 3,UAV Launch,
1,Truck,Truck is stationary with UAV(s) on board,1594,2,1654,2,Launching UAV 2,UAV Launch,
3,UAV,UAV taking off or landing with a parcel,1594,2,1604.5,2,Takeoff from truck at Customer 2,Traveling,
2,UAV,UAV is stationary with a parcel,1594,2,1654,2,Prepare to launch from truck,UAV Launch,
3,UAV,UAV travels with parcel,1604.5,2,1816.312366,4,Fly to UAV customer 4,Traveling,
1,Truck,Truck travels with UAV(s) on board,1654,2,2490,11,Travel from node 2 to node 11,Traveling,
2,UAV,UAV taking off or landing with a parcel,1654,2,1664.5,2,Takeoff from truck at Customer 2,Traveling,
2,UAV,UAV travels with parcel,1664.5,2,1983.070628,3,Fly to UAV customer 3,Traveling,
3,UAV,UAV taking off or landing with a parcel,1816.312366,4,1828.812366,4,Land at UAV customer 4,Traveling,
3,UAV,UAV is stationary with a parcel,1828.812366,4,1888.812366,4,Serving UAV customer 4,Making Delivery,
3,UAV,UAV taking off or landing with no parcels,1888.812366,4,1899.312366,4,Takeoff from UAV customer 4,Traveling,
3,UAV,UAV travels empty,1899.312366,4,2161.238341,11,Fly to depot,Traveling,
2,UAV,UAV taking off or landing with a parcel,1983.070628,3,1995.570628,3,Land at UAV customer 3,Traveling,
2,UAV,UAV is stationary with a parcel,1995.570628,3,2055.570628,3,Serving UAV customer 3,Making Delivery,
2,UAV,UAV taking off or landing with no parcels,2055.570628,3,2066.070628,3,Takeoff from UAV customer 3,Traveling,
2,UAV,UAV travels empty,2066.070628,3,2240.345043,11,Fly to depot,Traveling,
3,UAV,UAV is stationary without a parcel,2161.238341,11,2597.5,11,Idle above depot location,Idle,
2,UAV,UAV is stationary without a parcel,2240.345043,11,2477.5,11,Idle above depot location,Idle,
2,UAV,UAV taking off or landing with no parcels,2477.5,11,2490,11,Land at depot,Traveling,
1,Truck,Truck is stationary with UAV(s) on board,2490,11,2610,11,Retrieving UAV 2,UAV Recovery,
2,UAV,UAV is stationary without a parcel,2490,11,2610,11,Recovered at depot,UAV Recovery,
3,UAV,UAV taking off or landing with no parcels,2597.5,11,2610,11,Land at depot,Traveling,
1,Truck,Truck is stationary with UAV(s) on board,2610,11,2730,11,Retrieving UAV 3,UAV Recovery,
3,UAV,UAV is stationary without a parcel,2610,11,2730,11,Recovered at depot,UAV Recovery,
1,Truck,Truck is stationary with UAV(s) on board,2730,11,-1,11,At the Depot.  Total Time = 0:45:30,Vehicle Tasks Complete,
